slot,status,x1,y1,x2,y2,row,column
A1,occupied,139,164,162,204,A,1
A2,empty,154,164,177,207,A,2
A3,occupied,172,164,193,207,A,3
A4,empty,187,163,210,206,A,4
A5,occupied,204,166,225,206,A,5
A6,occupied,230,163,251,204,A,6
A7,empty,250,165,267,203,A,7
A8,empty,266,165,283,206,A,8
A9,empty,282,163,299,204,A,9
A10,empty,299,165,317,204,A,10
A11,empty,316,166,332,200,A,11
A12,occupied,332,165,349,201,A,12
A13,occupied,351,163,367,197,A,13
A14,empty,367,162,386,200,A,14
A15,empty,387,162,403,200,A,15
A16,empty,403,162,420,197,A,16
A17,occupied,422,162,439,197,A,17
A18,occupied,440,161,457,194,A,18
A19,occupied,458,161,477,197,A,19
A20,empty,478,157,496,197,A,20
A21,occupied,493,160,513,194,A,21
A22,empty,511,155,534,195,A,22
B1,occupied,251,234,272,272,B,1
B2,empty,268,236,289,272,B,2
B3,occupied,286,234,309,274,B,3
B4,empty,306,234,327,273,B,4
B5,empty,324,235,344,273,B,5
B6,occupied,344,231,363,274,B,6
B7,empty,364,235,383,273,B,7
B8,occupied,381,231,403,272,B,8
B9,occupied,404,226,423,272,B,9
B10,empty,424,228,444,275,B,10
B11,occupied,442,226,465,273,B,11
B12,occupied,463,228,484,272,B,12
B13,occupied,483,226,507,274,B,13
B14,occupied,505,227,526,272,B,14
B15,empty,525,229,548,271,B,15
B16,empty,113,237,140,275,B,16
B17,empty,129,235,156,275,B,17
B18,occupied,147,236,172,277,B,18
B19,empty,167,238,192,275,B,19
B20,occupied,188,238,211,277,B,20
B21,occupied,212,239,235,275,B,21
B22,occupied,228,237,251,276,B,22
C1,occupied,101,270,124,320,C,1
C2,occupied,116,271,145,322,C,2
C3,occupied,136,267,161,320,C,3
C4,occupied,153,273,179,324,C,4
C5,occupied,174,272,197,323,C,5
C6,occupied,205,273,224,327,C,6
C7,occupied,221,271,248,325,C,7
C8,occupied,240,274,264,324,C,8
C9,occupied,261,270,285,323,C,9
C10,occupied,282,275,301,323,C,10
C11,occupied,303,275,324,323,C,11
C12,occupied,321,277,342,322,C,12
C13,occupied,345,275,362,320,C,13
C14,occupied,362,276,383,321,C,14
C15,occupied,383,275,402,321,C,15
C16,occupied,404,274,424,320,C,16
C17,occupied,425,276,445,321,C,17
C18,occupied,444,276,467,319,C,18
C19,occupied,467,274,488,321,C,19
C20,occupied,486,273,511,320,C,20
C21,occupied,508,276,531,319,C,21
C22,occupied,529,270,556,318,C,22
D1,empty,63,367,92,420,D,1
D2,occupied,82,370,111,420,D,2
D3,occupied,105,370,134,421,D,3
D4,occupied,126,369,153,419,D,4
D5,occupied,147,374,174,422,D,5
D6,occupied,181,373,206,418,D,6
D7,occupied,202,369,228,419,D,7
D8,occupied,223,370,254,424,D,8
D9,occupied,245,371,272,422,D,9
D10,occupied,267,373,294,424,D,10
D11,occupied,290,372,313,423,D,11
D12,occupied,312,371,335,427,D,12
D13,occupied,334,372,358,422,D,13
D14,occupied,359,370,382,425,D,14
D15,occupied,381,370,404,423,D,15
D16,occupied,405,374,428,426,D,16
D17,occupied,427,375,454,428,D,17
D18,occupied,451,374,478,426,D,18
D19,occupied,476,371,502,428,D,19
D20,occupied,498,372,527,431,D,20
D21,occupied,522,370,549,427,D,21
D22,occupied,544,370,575,426,D,22
E1,occupied,21,445,55,493,E,1
E2,empty,43,444,78,498,E,2
E3,occupied,70,445,105,500,E,3
E4,occupied,94,444,132,501,E,4
E5,occupied,122,441,157,501,E,5
E6,empty,147,443,181,499,E,6
E7,empty,175,445,208,495,E,7
E8,empty,204,448,237,498,E,8
E9,empty,230,450,263,504,E,9
E10,empty,259,447,290,500,E,10
E11,empty,287,449,314,504,E,11
E12,occupied,312,450,341,506,E,12
